LATITUDE,LONGITUDE,OBSERVATION DATE
3388500.885902333,-9442712.371652571,43101
3431548.805152132,-9448746.393444056,43101
3417199.65999031,-9446735.052846894,43101
3402993.2082512467,-9477653.0417657,43101
3402850.3541207165,-9444723.712249734,43101
3395746.0977272857,-9460187.461164586,43101
3388500.885902333,-9442712.371652571,43102
3445897.788407033,-9450757.734041216,43102
3431548.805152132,-9448746.393444056,43102
3417199.65999031,-9446735.052846894,43102
3410245.3686808394,-9495093.40961534,43102
3402993.2082512467,-9477653.0417657,43102
3402850.3541207165,-9444723.712249734,43102
3395746.0977272857,-9460187.461164586,43102
3401074.2494351612,-9448589.649478447,43103
3445897.73479452,-9450757.734041216,43103
3410245.35523186,-9495077.473859169,43103
3460246.556618786,-9452769.075009443,43104
3431548.7511831583,-9448746.393444056,43104
3410245.35523186,-9495077.473859169,43104
3405265.370612771,-9450548.742087072,43104
3474595.2170113144,-9454780.41597767,43105
3445897.73479452,-9450757.734041216,43105
3417497.475218287,-9512460.431649953,43105
3406619.288466043,-9486373.22569052,43105
3488943.7151840315,-9456791.756945893,43106
3460246.556618786,-9452769.075009443,43106
3424749.554136531,-9529764.925155522,43106
3413871.4287221665,-9503789.689905904,43106
3503292.05177094,-9458803.097543055,43107
3474595.2170113144,-9454780.41597767,43107
3432001.591677996,-9546956.82233574,43107
3421123.5284870113,-9521143.94266726,43107
3517640.2258327375,-9460814.438140217,43108
3488943.7151840315,-9456791.756945893,43108
3439253.587941187,-9563997.109790795,43108
3428375.5868230495,-9538404.402635051,43108
3531988.237424725,-9462825.778737377,43109
3503292.05177094,-9458803.097543055,43109
3446505.543005084,-9580842.553256856,43109
3435627.6034117294,-9555534.275934583,43109
3546336.0858854055,-9464837.119705604,43110
3517640.2258327375,-9460814.438140217,43110
3453757.456930529,-9597446.349196145,43110
3442879.5791939953,-9572492.219620168,43110
3560683.7715508663,-9466848.460673831,43111
3531988.237424725,-9462825.77873738,43111
3461009.329332892,-9613758.768594677,43111
3450131.513813681,-9589232.999016725,43111
3575031.294469457,-9468859.801642058,43112
3546336.0858854055,-9464837.119705604,43112
3468261.1602346837,-9629727.790370136,43112
3457383.4068957428,-9605708.13504261,43112
3589378.6544004045,-9470871.142239219,43113
3560683.7715508663,-9466848.460673831,43113
3475512.9500679094,-9645299.723647857,43113
3464635.2586857076,-9621866.542626899,43113
3603725.8508124114,-9472882.48283638,43114
3575031.294469457,-9468859.801642058,43114
3482764.69839023,-9660419.815936295,43114
3553509.9829431036,-9465842.790189717,43114
3471887.0687699122,-9637655.16077771,43114
3618072.883748017,-9474893.82343354,43115
3589378.6544004045,-9470871.142239219,43115
3490016.4055959987,-9675032.846088842,43115
3567857.587267045,-9467854.131343476,43115
3479138.837998269,-9653019.567622382,43115
3632419.752959417,-9476905.1640307,43116
3603725.8508124114,-9472882.482836379,43116
3497268.071205612,-9689083.700938804,43116
3582205.0288203363,-9469865.471940638,43116
3486390.5659190277,-9667904.580976136,43116
3646766.4583409573,-9478916.504998928,43117
3618072.883748017,-9474893.82343354,43117
3504519.6955755833,-9702517.932638975,43117
3596552.3072174108,-9471876.812537799,43117
3493642.252062046,-9682254.844439186,43117
3661112.9994983654,-9480927.845967153,43118
3632419.752959417,-9476905.1640307,43118
3511771.278187404,-9715282.295592649,43118
3610899.4217814766,-9473888.15313496,43118
3500893.8972213417,-9696015.395126149,43118
3675459.3766141734,-9482939.18693538,43119
3646766.4583409564,-9478916.504998928,43119
3519022.81936102,-9727325.26186286,43119
3625246.3728417545,-9475899.49373212,43119
3508145.5008884044,-9709132.210801337,43119
3689805.5900164843,-9484950.52753254,43120
3661112.9994983654,-9480927.845967153,43120
3526274.3189683002,-9738597.511349214,43120
3639593.1604379197,-9477910.834329281,43120
3515397.0625347346,-9721552.736419952,43120
3704151.63887338,-9486961.868129702,43121
3675459.3766141734,-9482939.18693538,43121
3526274.3189683002,-9738597.511349214,43121
3555279.9155346854,-9775418.973981999,43121
3718497.523369689,-9488973.208726864,43122
3689805.590016484,-9484950.52753254,43122
3533525.7772914637,-9749052.397845482,43122
3562531.207959659,-9782215.248194326,43122
3732843.2429639404,-9490984.54969509,43123
3704151.63887338,-9486961.868129702,43123
3540777.1937355674,-9758646.385040948,43123
3682632.537847744,-9483944.85723396,43123
3569782.457657553,-9788013.691226613,43123
3747188.7981317616,-9492995.890663316,43124
3718497.523369689,-9488973.208726864,43124
3548028.5685451603,-9767339.457660383,43124
3696978.6694480646,-9485956.197831122,43124
3577033.6665203925,-9792791.751976416,43124
3761534.188626477,-9495007.231631542,43125
3732843.24296394,-9490984.54969509,43125
3580659.2501794146,-9794661.862648802,43125
3551654.248940293,-9771535.624158535,43125
3775879.4139079936,-9497018.572228704,43126
3747188.7981317616,-9492995.890663316,43126
3587910.3963599335,-9797877.090699643,43126
3558905.561747172,-9778817.111088162,43126
3790224.4744617282,-9499029.912825866,43127
3761534.188626477,-9495007.231631542,43127
3595161.5005375715,-9800038.999257063,43127
3566156.832808606,-9785114.46971047,43127
3804569.369607218,-9501041.253423028,43128
3775879.4139079936,-9497018.572228706,43128
3598787.028027086,-9800503.222684374,43128
3754361.5481820954,-9494001.56133296,43128
3569782.457657553,-9788013.691226613,43128
3818914.099688413,-9503052.594391253,43129
3790224.4744617282,-9499029.912825866,43129
3606038.0694406503,-9801080.657291694,43129
3768706.856371357,-9496012.901930124,43129
3577033.6665203925,-9792791.751976416,43129
3833258.664323998,-9505063.93535948,43130
3804569.369607218,-9501041.253423026,43130
3613289.0692879898,-9800606.982097484,43130
3783051.999248253,-9498024.242527284,43130
3584284.8338384363,-9796531.973321188,43130
3616914.541471039,-9799677.405442797,43131
3847603.0632799673,-9507075.276327707,43131
3818914.099688413,-9503052.594391255,43131
3797396.976934972,-9500035.583124446,43131
3624165.478826223,-9797654.05959515,43132
3861947.2969153277,-9509086.616924867,43132
3833258.664323998,-9505063.93535948,43132
3811741.789920194,-9502046.923721608,43132
3631416.374068088,-9794618.275502183,43133
3876291.36485989,-9511097.957522027,43133
3847603.0632799673,-9507075.276327705,43133
3826086.437088281,-9504058.264875367,43133
3638667.227314716,-9790594.930565396,43134
3890635.2673359998,-9513109.298119187,43134
3861947.2969153277,-9509086.616924867,43134
3840430.9190101414,-9506069.606029125,43134
3904979.0038363333,-9515120.639087414,43135
3876291.36485989,-9511097.957522027,43135
3649543.4411781486,-9783040.015414806,43135
3854775.235307525,-9508080.946626287,43135
3919322.5748927854,-9517131.98005564,43136
3890635.2673359993,-9513109.298119187,43136
3656794.1900031543,-9776680.701744368,43136
3869119.385975276,-9510092.287223447,43136
3933665.979861085,-9519143.321023867,43137
3904979.0038363338,-9515120.639087414,43137
3664044.897266213,-9769463.365639828,43137
3883463.3713800265,-9512103.627820607,43137
3948009.219140107,-9521154.661621027,43138
3919322.5748927854,-9517131.98005564,43138
3671295.562024119,-9761437.481564617,43138
3897807.1909385324,-9514114.96841777,43138
3962352.2919527083,-9523166.002218189,43139
3933665.979861085,-9519143.321023867,43139
3678546.1854848503,-9752657.483265473,43139
3912150.8444399405,-9516126.309571527,43139
3976695.1990100625,-9525177.342815353,43140
3948009.219140107,-9521154.661621027,43140
3685796.766667042,-9743182.517014237,43140
3926494.3327152054,-9518137.650725286,43140
3991037.9398475154,-9527188.683783576,43141
3962352.2919527083,-9523166.002218189,43141
3693047.3058724306,-9733076.158485305,43141
3940837.6549756597,-9520148.991322447,43141
4005380.5146027864,-9529200.024751803,43142
3976695.1990100625,-9525177.342815353,43142
3700297.802950591,-9722406.108111255,43142
3955180.8108109226,-9522160.331919609,43142
4019722.922679122,-9531211.36572003,43143
3991037.9398475154,-9527188.683783576,43143
3707548.2581663714,-9711243.85749547,43143
3969523.8008526396,-9524171.67251677,43143
3696672.568335249,-9727917.517918248,43143
4034065.164533511,-9533222.706317192,43144
4005380.5146027864,-9529200.024751803,43144
3714798.671330309,-9699664.333189745,43144
3983866.6247805925,-9526183.01311393,43144
3703923.0443968875,-9716976.92314741,43144
4034065.164533511,-9533222.706317192,43145
4005380.5146027864,-9529200.024751803,43145
3722049.0422346494,-9687745.521176549,43145
3707548.2581663714,-9711243.85749547,43145
4048407.2398881833,-9535234.046914352,43146
4019722.922679122,-9531211.36572003,43146
3729299.371088324,-9675568.067974186,43146
3714798.671330309,-9699664.333189745,43146
4062749.149523344,-9537245.387511512,43147
4034065.164533511,-9533222.706317192,43147
3736549.6580811064,-9663214.870238928,43147
3722049.0422346494,-9687745.521176549,43147
4077090.892587466,-9539256.728108674,43148
4048407.2398881833,-9535234.046914352,43148
3743799.9033851274,-9650770.645442853,43148
3729299.371088324,-9675568.067974186,43148
4077090.892587466,-9539256.728108674,43149
3751050.1062793196,-9638321.494388245,43149
3736549.6580811064,-9663214.870238928,43149
4055578.250055318,-9536239.717212932,43149
3725674.2204993046,-9681729.41866903,43149
4091432.469287899,-9541268.069076901,43150
3758300.2673346386,-9625954.451105786,43150
3743799.9033851274,-9650770.645442853,43150
4069920.076512751,-9538251.057810094,43150
3732924.528580329,-9669436.109521091,43150
4105773.8795479727,-9543279.410045126,43151
3765550.3857913814,-9613757.029042099,43151
3751050.1062793196,-9638321.494388245,43151
4084261.736598145,-9540262.398407254,43151
3740174.7946745125,-9657008.879129548,43151
4120115.1234523994,-9545290.751013353,43152
3772800.462182564,-9601816.760197053,43152
3758300.2673346386,-9625954.451105786,43152
4098603.2297021514,-9542273.739561014,43152
3747425.0189445093,-9644533.28487203,43152
4134456.200801119,-9547302.091610514,43153
3780050.4965865146,-9590220.736858532,43153
3765550.3857913814,-9613757.029042099,43153
4112944.556953511,-9544285.080714773,43153
3754675.200877649,-9632096.045745067,43153
4148797.111108083,-9549313.432207674,43154
3787300.4886225997,-9579055.149626544,43154
3772800.462182564,-9601816.760197053,43154
4127285.717844896,-9546296.421311934,43154
3761925.3405987797,-9619784.587623948,43154
4163137.8549571503,-9551324.772804836,43155
3794550.438769369,-9568404.833229693,43155
3780050.4965865146,-9590220.736858532,43155
4141626.7115818704,-9548307.761909094,43155
3769175.4382126024,-9607686.586852811,43155
4177478.4326489703,-9553336.113773063,43156
3801800.3466097526,-9558352.81753658,43156
3787300.4886225997,-9579055.149626544,43156
4155967.538437036,-9550319.102506256,43156
3776425.4931495357,-9595889.509381969,43156
4191818.8441997753,-9555347.45474129,43157
3809050.2125836555,-9548979.88635954,43157
3794550.438769369,-9568404.833229693,43157
4170308.1990789426,-9552330.443103418,43157
3783675.50679148,-9584480.149348598,43157
4206159.088886619,-9557358.795709515,43158
3816300.0362358014,-9540364.15035888,43158
3801800.3466097526,-9558352.81753658,43158
4184648.6938932026,-9554341.784257177,43158
3790925.4778726557,-9573544.170997046,43158
4220499.1670656465,-9559370.136306677,43159
3823549.8170904103,-9532580.630336894,43159
3809050.2125836555,-9548979.88635954,43159
4198989.0223009745,-9556353.125410935,43159
3798175.4064238174,-9563165.653938709,43159
4234839.078351997,-9561381.476903839,43160
3830799.5559720416,-9525700.86168263,43160
3816300.0362358014,-9540364.15035888,43160
4213329.183435415,-9558364.466008097,43160
4249178.823444589,-9563392.817501,43161
3838049.2523669787,-9519792.513288146,43161
3823549.8170904103,-9532580.630336894,43161
4227669.178192009,-9560375.806605257,43161
4263518.401848976,-9565404.158469224,43162
3845298.9070633687,-9514919.029841898,43162
3830799.5559720416,-9525700.86168263,43162
4242009.006499041,-9562387.147202417,43162
4277857.814155699,-9567415.49943745,43163
3852548.5190690816,-9511139.294530673,43163
3838049.2523669787,-9519792.513288146,43163
4256348.668003828,-9564398.48779958,43163
3856173.2970273728,-9510018.966084238,43164
4306536.139144647,-9571438.181002839,43164
4277857.814155699,-9567415.49943745,43164
3863422.8459124495,-9507993.005620051,43165
4320875.052057601,-9573449.521599999,43165
4292197.059758974,-9569426.840405677,43165
3867047.588471342,-9507898.796769891,43166
4335213.7984177945,-9575460.862197159,43166
4306536.139144647,-9571438.181002839,43166
3874297.0736262603,-9507728.71127463,43167
4349552.378327021,-9577472.203165388,43167
4320875.052057601,-9573449.521599999,43167
3877921.81631568,-9507633.927904576,43168
4363890.792064707,-9579483.544133613,43168
4335213.7984177945,-9575460.862197159,43168
3959126.1584673203,-9513627.318916816,43168
4363890.681288485,-9579483.5440594,43169
3881546.5447868253,-9507959.243624456,43169
4027889.7581534563,-9518706.682566375,43169
3959126.1584673203,-9513627.318916816,43169
4378228.92857304,-9581494.8848792,43170
3881546.5447868253,-9507959.243624456,43170
4027889.7581534563,-9518706.682566375,43170
3959126.1584673203,-9513627.318916816,43170
4392567.010048541,-9583506.225699002,43171
3885171.259058062,-9508713.83411028,43171
4027889.7581534563,-9518706.682566375,43171
3959126.1584673203,-9513627.318916816,43171
3831956.003072257,-9525157.44668276,43171
4406904.925154338,-9585517.56629616,43172
3860375.9812407363,-9517531.576767039,43172
4027889.7581534563,-9518706.682566375,43172
3959126.1584673203,-9513627.318916816,43172
3728016.5311591877,-9532986.966144733,43172
4421242.673881647,-9587528.907115962,43173
3993507.958310388,-9516167.000741595,43173
3691009.0972451875,-9537591.618957754,43173
3831956.003072257,-9525157.44668276,43173
4435580.256776901,-9589540.24793576,43174
3667353.218184794,-9542654.44053098,43174
4027889.7581534563,-9518706.682566375,43174
3831956.003072257,-9525157.44668276,43174
4449917.67355169,-9591551.588755561,43175
3623370.7316852645,-9553234.401525391,43175
3831956.003072257,-9525157.44668276,43175
3728016.5311591877,-9532986.966144733,43175
4457086.381788712,-9592557.259221122,43176
3623370.7316852645,-9553234.401525391,43176
3728016.5311591877,-9532986.966144733,43176
3518122.510961687,-9592632.186422283,43176
4471423.549508667,-9594568.60009658,43177
3623370.7316852645,-9553234.401525391,43177
3579068.38011492,-9571372.83701834,43177
3511323.458844377,-9600584.68330872,43177
4485760.551434784,-9596579.940693744,43178
3504620.5261998936,-9608955.887309074,43178
3608055.265862303,-9558753.466402698,43178
3562067.688569242,-9578018.824908718,43178
4500097.387281898,-9598591.281290906,43179
3504620.5261998936,-9608955.887309074,43179
3596069.071660598,-9564726.849127963,43179
3562067.688569242,-9578018.824908718,43179
4514434.057537568,-9600602.621888066,43180
3504620.5261998936,-9608955.887309074,43180
3478447.31686064,-9644464.060475616,43180
3562067.688569242,-9578018.824908718,43180
4535938.800456692,-9603619.633154873,43181
3504620.5261998936,-9608955.887309074,43181
3478447.31686064,-9644464.060475616,43181
3459904.3547078585,-9673950.536217034,43181
4550275.056466575,-9605630.974123098,43182
3491342.2254957,-9626103.320145084,43182
3466032.1060882746,-9663991.85245479,43182
3448372.0806391537,-9695143.434007544,43182
4564611.146911421,-9607642.315091325,43183
3478447.31686064,-9644464.060475616,43183
3454194.6140333978,-9684635.423067283,43183
3437566.7654073946,-9717367.338969339,43183
4578947.0720953,-9609653.655688485,43184
3466032.1060882746,-9663991.85245479,43184
3443034.18646954,-9706338.783061996,43184
3427589.068373329,-9740559.731293399,43184
4593282.832046411,-9611664.996285645,43185
3454194.6140333978,-9684635.423067283,43185
3432651.0898103775,-9729041.553118194,43185
3418539.943654039,-9764654.23061077,43185
4600450.601990797,-9612670.666584227,43186
3443034.18646954,-9706338.783061996,43186
3423146.0951461303,-9752679.314130811,43186
3410520.202965433,-9789580.979488194,43186
4614786.114183363,-9614682.007459687,43187
3432651.0898103775,-9729041.553118194,43187
3414620.048182403,-9777183.980130764,43187
3403630.0747216763,-9815267.048074476,43187
4629121.461118302,-9616693.348335147,43188
3423146.0951461303,-9752679.314130811,43188
3407173.432711696,-9802484.191984864,43188
3475866.2805113085,-9854983.092798093,43188
4643456.642927913,-9618704.689210607,43189
3414620.048182403,-9777183.980130764,43189
3522472.1660896684,-9882242.108015675,43189
3475866.2805113085,-9854983.092798093,43189
4657791.659474141,-9620716.030086067,43190
3407173.432711696,-9802484.191984864,43190
3522472.1660896684,-9882242.108015675,43190
3475866.2805113085,-9854983.092798093,43190
3449939.865217045,-9909987.322241245,43190
4672126.511412925,-9622727.37068323,43191
3499169.2233004887,-9868612.600406885,43191
3439580.8414281756,-9924062.316537254,43191
3403630.0747216763,-9815267.048074476,43191
4686461.198417023,-9624738.71128039,43192
3423071.0263805264,-9938244.889247036,43192
3522472.1660896684,-9882242.108015675,43192
3475866.2805113085,-9854983.092798093,43192
3400479.8922042204,-9828290.616978202,43192
4700795.720957567,-9626750.05215585,43193
3439580.8414281756,-9924062.316537254,43193
3391436.871208786,-9980966.6711705,43193
3522472.1660896684,-9882242.108015675,43193
3475866.2805113085,-9854983.092798093,43193
4715130.079237189,-9628761.393031308,43194
3393428.26172206,-9995376.203727903,43194
3439580.8414281756,-9924062.316537254,43194
3522472.1660896684,-9882242.108015675,43194
4729464.27282986,-9630772.733906768,43195
3398042.6819471396,-10024221.141347693,43195
3439580.8414281756,-9924062.316537254,43195
3391436.871208786,-9980966.6711705,43195
4743798.3024720205,-9632784.07478223,43196
3404550.426143287,-10053144.115785856,43196
3393428.26172206,-9995376.203727903,43196
3429221.817639306,-9938137.310833262,43196
4758132.167914802,-9634795.41537939,43197
3413023.750321845,-10082065.463475194,43197
3398042.6819471396,-10024221.141347693,43197
3391436.871208786,-9980966.6711705,43197
4772465.868998928,-9636806.755976552,43198
3423529.738590712,-10110907.227005238,43198
3404550.426143287,-10053144.115785858,43198
3395116.694440475,-10009759.288258553,43198
4786799.406376073,-9638818.096852012,43199
3436129.9220175208,-10139593.597802758,43199
3413023.750321845,-10082065.463475192,43199
3400652.849854538,-10038670.058184342,43199
4801132.779711623,-9640829.437727472,43200
3450879.9228785424,-10168051.34805139,43200
3423529.7385907117,-10110907.227005238,43200
3408120.117840627,-10067618.53925743,43200
4815465.98912229,-9642390.778466959,43201
3467829.113879313,-10196210.244429061,43201
3436129.9220175217,-10139593.597802758,43201
3417588.2970025335,-10096525.771449802,43201
4829799.035183371,-9643502.119348772,43202
3487020.307077197,-10224003.445518592,43202
3450879.9228785424,-10168051.34805139,43202
3429121.8185256748,-10125314.725013414,43202
4844131.917844167,-9644163.460094614,43203
3487020.307077197,-10224003.445518592,43203
3450879.9228785415,-10168051.34805139,43203
3531488.48304387,-10278425.861416724,43203
4858464.637148357,-9644374.800704481,43204
3508489.4621360395,-10251367.87843863,43204
3467829.113879313,-10196210.244429061,43204
3557588.085691083,-10304776.970452122,43204
4872797.193237166,-9644586.141592648,43205
3532265.4257766064,-10278244.59283963,43205
3487020.307077197,-10224003.445518592,43205
3586032.5206340374,-10330534.43713341,43205
4887129.586354686,-9644797.482480815,43206
3558369.6964563304,-10304579.089667419,43206
3508489.4621360395,-10251367.878438631,43206
3616828.0587337753,-10355653.465384295,43206
4901461.816479435,-9645008.823090686,43207
3558369.6964563304,-10304579.089667419,43207
3519604.095819368,-10264978.404033383,43207
3649973.092577897,-10380094.539011935,43207
3616828.0587337753,-10355653.465384295,43207
4915793.883689279,-9645220.163978852,43208
3586816.2216862985,-10330321.624323277,43208
3544538.2843674766,-10291601.415934423,43208
3685458.0319385706,-10403823.63766675,43208
3649973.092577897,-10380094.539011935,43208
4930125.788531161,-9645431.504867021,43209
3617611.2239819034,-10355427.480509879,43209
3571810.3031625603,-10317655.703792766,43209
3723265.2325512646,-10426812.412727213,43209
3685458.0319385706,-10403823.63766675,43209
4944457.5309276795,-9645642.845476888,43210
3650753.061083414,-10379857.214020995,43210
3601430.2896839064,-10343093.951258853,43210
3763368.9525031024,-10449038.336467974,43210
3723265.2325512646,-10426812.412727213,43210
4958789.110902683,-9645854.186365055,43211
3686232.1190225775,-10403576.863135299,43211
3633400.575655836,-10367874.002198115,43211
3805735.357045119,-10470484.806700174,43211
3763368.9525031024,-10449038.336467974,43211
4973120.528952645,-9646065.527253222,43212
3764123.180699829,-10448778.518631786,43212
3686232.1190225775,-10403576.863135299,43212
3980936.649971036,-10491141.222468706,43212
4987451.7849484775,-9646276.86786309,43213
3764123.180699829,-10448778.518631786,43213
4004313.230674902,-10501072.119958382,43213
5001782.878868608,-9646488.208751258,43214
4028394.1081473646,-10510738.634399554,43214
3764123.1806998285,-10448778.518631786,43214
5016113.8111677505,-9646699.549361126,43215
4080586.8154889694,-10529809.768966144,43215
3784552.1547741108,-10459761.571584074,43215
5030444.582044145,-9646910.889970997,43216
4124779.1078279,-10548097.194280038,43216
4028394.1081473646,-10510738.634399554,43216
3805735.357045119,-10470484.806700174,43216
5044775.191436465,-9647122.230859162,43217
4148890.730195705,-10557109.95977911,43217
4104551.373734377,-10582622.861991903,43217
4076555.86309229,-10530071.663281897,43217
4027689.811378768,-10511003.017448058,43217
3980936.649971036,-10491141.222468706,43217
5059105.639767784,-9647333.571469031,43218
4152975.5900098695,-10570957.36861196,43218
4104551.373734377,-10582622.861991903,43218
4076555.86309229,-10530071.663281897,43218
4027689.811378768,-10511003.017448058,43218
5073435.92720525,-9647544.912357198,43219
4152975.5900098695,-10570957.36861196,43219
4219451.411500479,-10613983.591902686,43219
4104551.373734377,-10582622.861991903,43219
4076555.86309229,-10530071.663281897,43219
5087766.05365918,-9647756.253245365,43220
4152975.5900098695,-10570957.36861196,43220
4279368.800978937,-10628652.657689445,43220
4219451.411500479,-10613983.591902686,43220
4104551.373734377,-10582622.861991903,43220
5102096.019525975,-9647967.593855234,43221
4214832.874948442,-10628341.7768607,43221
4160705.999016879,-10582258.739833701,43221
4279368.800978937,-10628652.657689445,43221
4104551.373734377,-10582622.861991903,43221
5116425.82495114,-9648178.9347434,43222
4214832.874948442,-10628341.7768607,43222
4279368.800978937,-10628652.657689445,43222
4161145.309638199,-10598652.186277656,43222
4132405.3163650627,-10656170.78794616,43222
4104551.373734377,-10582622.861991903,43222
5130755.469823971,-9648390.275631567,43223
4214832.874948442,-10628341.7768607,43223
4279368.800978937,-10628652.657689445,43223
4161145.309638199,-10598652.186277656,43223
4132405.3163650627,-10656170.78794616,43223
4045822.0381493163,-10669114.814620934,43223
5145084.954526054,-9648601.616241436,43224
4214832.874948442,-10628341.7768607,43224
4038267.350564425,-10675350.287398726,43224
4279368.800978937,-10628652.657689445,43224
4132405.3163650627,-10656170.78794616,43224
5159414.279186556,-9648812.957129603,43225
4119724.541673674,-10674905.898321684,43225
4038267.350564425,-10675350.287398726,43225
4279368.800978937,-10628652.657689445,43225
4210214.338396405,-10642699.961818716,43225
5173743.444059441,-9649024.29801777,43226
4119724.541673674,-10674905.898321684,43226
4038267.350564425,-10675350.287398726,43226
4210214.338396405,-10642699.961818716,43226
4174219.483712029,-10705341.2081548,43226
5188072.449520357,-9649235.638627639,43227
4119724.541673674,-10674905.898321684,43227
4038267.350564425,-10675350.287398726,43227
4232106.111735163,-10716749.842941688,43227
4174219.483712029,-10705341.2081548,43227
5202401.2956955675,-9649446.979515808,43228
4246292.059824578,-10722341.315767314,43228
4038267.350564425,-10675350.287398726,43228
4174219.483712029,-10705341.2081548,43228
4107043.766982285,-10693641.00869721,43228
5216729.982836373,-9649658.320403975,43229
4222267.867787062,-10716674.61322981,43229
4369680.422544252,-10738957.840904847,43229
4107043.766982285,-10693641.00869721,43229
4030712.662979533,-10681585.760176515,43229
5231058.510568841,-9649869.661013843,43230
4222267.867787062,-10716674.61322981,43230
4140631.625347157,-10699491.108426005,43230
4469167.856209498,-10749894.239487477,43230
4369680.422544252,-10738957.840904847,43230
5245386.879400893,-9650081.00190201,43231
4222267.867787062,-10716674.61322981,43231
4582070.684095092,-10760812.165713806,43231
4469167.856209498,-10749894.239487477,43231
4369680.422544252,-10738957.840904847,43231
5259715.089592802,-9650292.342790177,43232
4625312.017683144,-10766297.199295115,43232
4246292.059824578,-10722341.315767314,43232
4469167.856209498,-10749894.239487477,43232
4369680.422544252,-10738957.840904847,43232
5274043.141536208,-9650503.683400044,43233
4698276.26318633,-10777328.606280152,43233
4582070.684095092,-10760812.165713806,43233
4469167.856209498,-10749894.239487477,43233
4369680.422544252,-10738957.840904847,43233
4260478.007913993,-10727932.788592942,43233
5288371.035375147,-9650715.024288211,43234
4659541.070155918,-10771823.12609137,43234
4837399.97964876,-10794160.335927075,43234
4469167.856209498,-10749894.239487477,43234
4369680.422544252,-10738957.840904847,43234
5302698.771390877,-9649007.24581987,43235
4659541.070155918,-10771823.12609137,43235
4966482.75298917,-10805707.11152287,43235
4837399.97964876,-10794160.335927075,43235
4469167.856209498,-10749894.239487477,43235
5317026.349235539,-9645482.5554289,43236
4659541.070155918,-10771823.126091368,43236
5000639.242994193,-10811644.785738476,43236
4837399.97964876,-10794160.335927075,43236
5331353.769460089,-9640140.953393593,43237
5000639.242994193,-10811644.785738476,43237
4698276.26318633,-10777328.606280152,43237
5132548.22930292,-10829851.371765818,43237
4837399.97964876,-10794160.335927075,43237
5345681.032369815,-9632982.439157354,43238
5044608.905097102,-10817713.64774759,43238
5259595.425899096,-10842576.150250696,43238
4837399.97964876,-10794160.335927075,43238
4727999.175101465,-10782874.979683876,43238
5360008.138030567,-9625926.13235499,43239
5044608.905097102,-10817713.64774759,43239
5365616.58612616,-10855815.913850684,43239
5259595.425899096,-10842576.150250696,43239
4837399.97964876,-10794160.335927075,43239
5374335.087026487,-9618869.825552627,43240
5000639.242994193,-10811644.785738476,43240
5480590.188207998,-10869626.105238177,43240
5365616.58612616,-10855815.913850684,43240
5259595.425899096,-10842576.150250696,43240
5132548.22930292,-10829851.371765818,43240
5388661.878937465,-9611813.518471966,43241
5522420.550918917,-10876842.057826975,43241
5083671.981151069,-10823716.915859949,43241
5365616.58612616,-10855815.913850684,43241
5259595.425899096,-10842576.150250696,43241
5410151.598065612,-9601229.05812927,43242
5522420.550918917,-10876842.057826975,43242
5676683.2798127225,-10899158.307872357,43242
5365616.58612616,-10855815.913850684,43242
5259595.425899096,-10842576.150250696,43242
5132548.22930292,-10829851.371765818,43242
5424477.99933756,-9594172.751326907,43243
5522420.550918917,-10876842.057826975,43243
5312606.006012628,-10849196.03205069,43243
5807730.564972736,-10914968.626644704,43243
5676683.2798127225,-10899158.307872357,43243
5438804.244492922,-9587116.444524543,43244
5837361.188166942,-10923246.88220983,43244
5522420.550918917,-10876842.057826975,43244
5676683.2798127225,-10899158.307872357,43244
5365616.58612616,-10855815.913850684,43244
5453130.334339365,-9580060.137443878,43245
5837361.188166942,-10923246.88220983,43245
5522420.550918917,-10876842.057826975,43245
6024903.892453805,-10948858.162466016,43245
5676683.2798127225,-10899158.307872357,43245
5467456.267902143,-9573003.830641516,43246
6052822.743847862,-10957924.990832388,43246
5837361.188166942,-10923246.88220983,43246
5620467.096721279,-10891608.159144066,43246
5488944.819451588,-9562921.54532353,43247
6063407.595786852,-10967264.558259306,43247
5837361.188166942,-10923246.88220983,43247
5676683.2798127225,-10899158.307872357,43247
6079205.564778936,-10976879.55506057,43248
5503270.365654601,-9555144.251678962,43248
5837361.188166942,-10923246.88220983,43248
6119646.60357828,-10996249.527171256,43249
5514014.467294671,-9548628.859084105,43249
5866991.81136115,-10931525.137774955,43249
5530488.539686611,-9538268.651632976,43250
6097306.122220647,-10986220.019258752,43250
6186668.047651179,-11026338.050908767,43250
6024903.892453805,-10948858.162466016,43250
5553408.733045487,-9522889.392207881,43251
6082659.447453376,-10976467.756155953,43251
6186668.047651179,-11026338.050908767,43251
6126599.471755188,-11005724.545464352,43251
5567733.545948689,-9510940.436546372,43252
6210507.056296234,-11048053.210027376,43252
6105588.38571001,-10995834.119288748,43252
5582058.2438204875,-9498991.480606565,43253
6239585.231501564,-11070307.382573185,43253
6126599.471755188,-11005724.545464352,43253
6239585.231501564,-11070307.382573185,43254
5567733.686705757,-9510940.436360842,43254
6384451.039166208,-11141503.364055367,43254
6325302.540280718,-11116932.78467172,43254
5625031.608798153,-9463144.613343738,43254
5596382.711780948,-9487042.524666756,43255
6327885.3842380345,-11117178.90575776,43255
6239585.231501564,-11070307.382573185,43255
6491430.0987636335,-11166770.183401812,43255
5610707.102967365,-9475093.569283547,43256
6327885.3842380345,-11117178.90575776,43256
6493617.688803417,-11179726.78138668,43256
6252095.48393544,-11081570.785314074,43256
5630760.998479715,-9458365.031079134,43257
6327885.3842380345,-11117178.90575776,43257
6493617.688803417,-11179726.78138668,43257
5646517.457000915,-9445221.179573176,43258
6493617.688803417,-11179726.78138668,43258
6354876.789723463,-11129218.074363545,43258
5668003.254807383,-9427297.745802615,43259
6501711.935728933,-11192879.628212519,43259
6384451.039166208,-11141503.364055367,43259
5696650.461234092,-9403399.834108531,43260
5668003.356036775,-9427297.745802617,43260
6522766.0146433655,-11232698.06089312,43260
6493617.688803417,-11179726.78138668,43260
6526855.1503665075,-11246361.088655913,43261
5710973.786517405,-9391450.87826149,43261
5682326.984508003,-9415348.789955573,43261
6495805.2788432,-11192683.379371552,43261
6526855.1503665075,-11246361.088655913,43262
5725296.9604377635,-9379501.92241445,43262
5696650.46123409,-9403399.834108531,43262
6580229.956685301,-11301534.460644025,43262
5725296.859791746,-9379501.922488663,43263
6591656.109846969,-11315600.145847617,43263
6531332.51075978,-11259948.972051771,43263
5721716.066376983,-9382489.16137621,43264
6622938.137166698,-11358017.784740048,43264
6591656.109846969,-11315600.145847617,43264
6535033.421812793,-11273687.1441815,43264
6612261.09204635,-11343896.953716043,43265
5739619.770035049,-9367552.966660174,43265
6842798.71044114,-11443065.84973156,43265
6738473.582439058,-11414796.48768359,43265
5753942.6424054,-9355604.010720367,43266
6622938.137166698,-11358017.784740048,43266
6853833.301195566,-11457078.491197791,43266
6738473.582439058,-11414796.48768359,43266
5768265.364659633,-9343655.054780558,43267
6874232.492880263,-11470969.267506799,43267
6632866.07424573,-11372193.761584468,43267
6738473.582439058,-11414796.48768359,43267
5788316.927741624,-9326926.516687468,43268
6874232.492880263,-11470969.267506799,43268
6738473.582439058,-11414796.48768359,43268
6642055.008791177,-11386399.876325695,43268
5811232.74266674,-9307808.187406413,43269
6853833.301195566,-11457078.491197791,43269
6915030.876249659,-11498750.82012481,43269
6738473.582439058,-11414796.48768359,43269
5825554.865277893,-9295859.231633585,43270
6924122.287060832,-11512335.004002925,43270
6853833.301195566,-11457078.491197791,43270
5839876.83894335,-9283910.275860757,43271
6924122.287060832,-11512335.004002925,43271
6969622.443805029,-11552466.89381635,43271
6864867.891949991,-11471091.13266402,43271
5854198.663467089,-9271961.320087928,43272
6924122.287060832,-11512335.004002925,43272
7014318.989889066,-11578261.490000596,43272
6969622.443805029,-11552466.89381635,43272
5868520.339404064,-9260012.3643151,43273
7025821.004918031,-11590714.768039793,43273
6969622.443805029,-11552466.89381635,43273
6933213.6978720045,-11525919.18788104,43273
5882841.866769958,-9248063.408542272,43274
7033466.114837137,-11602826.428825641,43274
6969622.443805029,-11552466.89381635,43274
7048274.458834511,-11626662.113666503,43275
5911484.576390655,-9224165.496773975,43275
5882841.965634064,-9248063.408468058,43275
7014318.989889066,-11578261.490000596,43275
7058296.938153878,-11649334.699071705,43276
5925805.660340381,-9212216.540926933,43276
5897163.344721212,-9236114.452621015,43276
7043039.677311175,-11615108.898238165,43276
7066979.143964779,-11670705.755543804,43277
5940126.597139035,-9200267.585079892,43277
5911484.576390654,-9224165.496773975,43277
7053750.178278268,-11638409.14746026,43277
7077769.455661931,-11690636.931508988,43278
5954447.386603229,-9188318.629232852,43278
5925805.660340381,-9212216.540926933,43278
7063067.23989314,-11660477.173408888,43278
7080753.559852348,-11708990.617523387,43279
5968768.029425298,-9176369.673385808,43279
5940126.597139035,-9200267.585079892,43279
7071096.705006575,-11681174.361054119,43279
5918645.167396802,-9218191.018664923,43279
7080753.559852348,-11708990.617523387,43280
5983088.526090161,-9164420.717538768,43280
5954447.386603229,-9188318.629232852,43280
7047126.000641583,-11764686.57143973,43280
7079383.987532086,-11725630.636453917,43281
5997408.876326307,-9152471.761691725,43281
5968768.029425297,-9176369.673385808,43281
7029432.312787501,-11773202.1006033,43281
5997408.779012824,-9152471.761691727,43282
7073518.502811805,-11733664.918471515,43282
7015348.766305134,-11776284.23674074,43282
7052877.851634741,-11758227.636472719,43283
5983088.526090161,-9164420.717538768,43283
6962734.217051233,-11783065.742196223,43283
6040369.100865395,-9116624.894150602,43283
7035520.597803615,-11767798.485540956,43284
5997408.876326308,-9152471.761691727,43284
6843770.992202795,-11784192.629401524,43284
6054688.87028083,-9104675.937932497,43284
7010139.437575771,-11775080.196779357,43285
6026048.934012076,-9128573.85009041,43285
6819312.179959412,-11783419.393086525,43285
6997810.5832205005,-11778544.738559233,43286
6824921.5162655255,-11781723.830262506,43286
6026049.139219676,-9128573.849997642,43286
6083327.9721052535,-9080778.026609477,43286
6820521.724187925,-11779084.503578529,43287
6054688.616613738,-9104675.938489094,43287
6981999.718436999,-11781216.057537202,43287
6810146.410222916,-11775481.643249627,43288
6054688.821648471,-9104675.938303562,43288
6962734.217051233,-11783065.742196223,43288
6111966.498143976,-9056880.115286458,43288
6111966.450024064,-9056880.11528646,43289
6083327.924416409,-9080778.026980544,43289
6801087.857835578,-11776906.340149064,43289
6769485.606966825,-11754522.701180138,43289
6760413.263960575,-11746955.907219453,43290
6126285.497536379,-9044931.159439417,43290
6097647.259198005,-9068829.0711335,43290
6836140.188877752,-11778332.704614472,43290
6122705.640114262,-9047918.398401178,43291
6760413.263960575,-11746955.907219453,43291
6836140.188877752,-11778332.704614472,43291
6694575.1754345,-11712562.088167809,43291
6119125.94998848,-9050905.637455706,43292
6773305.6618246585,-11750321.347750312,43292
6694575.1754345,-11712562.088167809,43292
6637342.439104461,-11690155.155595433,43292
6133444.925748498,-9038956.681515897,43293
6760413.263960575,-11746955.907219453,43293
6637342.439104461,-11690155.155595433,43293
6540553.302557924,-11664572.689832842,43293
6147763.758022597,-9027007.72557609,43294
6735723.270984451,-11730786.535964048,43294
6665958.80726948,-11701358.621881621,43294
6539900.346306307,-11650184.640081838,43294
6159324.286481544,-9015058.76991458,43295
6533040.691022255,-11634729.67835652,43295
6718421.876691288,-11722192.203732945,43295
6637342.439104461,-11690155.155595433,43295
6168377.286704696,-9003109.813974772,43296
6533040.691022255,-11634729.67835652,43296
6694575.1754345,-11712562.088167809,43296
6637342.439104461,-11690155.155595433,43296
6174853.564007348,-8991160.858034967,43297
6533040.691022255,-11634729.67835652,43297
6504981.155090152,-11567585.999071969,43297
6637342.439104461,-11690155.155595433,43297
6179769.96369486,-8973237.42443138,43298
6529284.385254421,-11619808.172618361,43298
6504732.612070289,-11568646.35803892,43298
6490889.472746015,-11530291.884271093,43298
6467793.628090054,-11488783.317446977,43298
6181580.5400137715,-8967262.946433648,43299
6521100.460859711,-11602754.234425215,43299
6497811.042408152,-11549469.121155007,43299
6467793.628090054,-11488783.317446977,43299
6445494.090871353,-11444159.174110388,43299
6185241.358891858,-8949339.512663087,43300
6497811.042408152,-11549469.121155007,43300
6467793.628090054,-11488783.317446977,43300
6445494.090871353,-11444159.174110388,43300
6434032.55924012,-11396469.436712688,43300
6186344.618715954,-8943365.034832332,43301
6497811.042408152,-11549469.121155007,43301
6467793.628090054,-11488783.317446977,43301
6445494.090871353,-11444159.174110388,43301
6434032.55924012,-11396469.436712688,43301
6413359.0829127375,-11345775.62040449,43301
6188099.802020023,-8931416.078892523,43302
6468059.063902474,-11487744.79194282,43302
6430961.91100807,-11395468.077075856,43302
6513832.973458475,-11292150.550396675,43302
6189353.502474703,-8919467.122952716,43303
6449106.759400509,-11443137.309423352,43303
6514333.28174398,-11263914.400518782,43303
6423695.8210764285,-11371122.52855859,43303
6190356.462201385,-8907518.167291207,43304
6515095.677182283,-11234760.855585314,43304
6430961.91100807,-11395468.077075856,43304
6191359.421190584,-8895569.211351398,43305
6516874.065195419,-11175571.612187197,43305
6514333.28174398,-11263914.400518782,43305
6423695.8210764285,-11371122.52855859,43305
6192613.118377401,-8883620.255411591,43306
6519410.737600044,-11113739.389527077,43306
6515095.677182283,-11234760.855585314,43306
6413359.0829127375,-11345775.62040449,43306
6194869.7703744415,-8865696.821808008,43307
6526406.54424183,-10983376.257112922,43307
6522443.607243361,-11050181.582660533,43307
6519168.137497884,-11114582.82020232,43307
6516620.468058889,-11176453.765718378,43307
6514833.590029485,-11235678.250640891,43307
6196273.908123444,-8853747.866035182,43308
6531009.521922914,-10914302.69118688,43308
6526406.54424183,-10983376.257112922,43308
6522443.607243361,-11050181.582660533,43308
6519168.137497884,-11114582.82020232,43308
6516620.468058889,-11176453.765718378,43308
6197678.044898629,-8841798.910262352,43309
6536198.28031641,-10843105.917480988,43309
6531009.521922914,-10914302.69118688,43309
6526406.54424183,-10983376.257112922,43309
6522443.607243361,-11050181.582660533,43309
6519168.137497884,-11114582.82020232,43309
6198791.761912798,-8829849.954489524,43310
6541912.038282133,-10769939.653740501,43310
6536198.28031641,-10843105.917480988,43310
6531009.521922914,-10914302.69118688,43310
6526406.54424183,-10983376.257112922,43310
6522443.607243361,-11050181.582660533,43310
6199103.115592761,-8817900.998716695,43311
6548083.828524735,-10694965.758505031,43311
6541912.038282133,-10769939.653740501,43311
6536198.28031641,-10843105.917480988,43311
6531009.521922914,-10914302.69118688,43311
6526406.54424183,-10983376.257112922,43311
6199409.235241593,-8811926.52088594,43312
6554640.8821734525,-10618353.656699978,43312
6548083.828524735,-10694965.758505031,43312
6541912.038282133,-10769939.653740501,43312
6536198.28031641,-10843105.917480988,43312
6531009.521922914,-10914302.69118688,43312
6526406.54424183,-10983376.257112922,43312
6198795.473588967,-8799977.564946134,43313
6536373.280173819,-10842449.420802789,43313
6637578.606212645,-10540279.711794605,43313
6554640.8821734525,-10618353.656699978,43313
6548083.828524735,-10694965.758505031,43313
6197429.495779133,-8788028.609006325,43314
6548212.249660107,-10694419.689648503,43314
6539055.159299271,-10806522.785610745,43314
6698939.041511461,-10460926.582375387,43314
6637578.606212645,-10540279.711794605,43314
6195423.585898289,-8776079.653344816,43315
6548212.249660107,-10694419.689648503,43315
6756292.6936812205,-10380482.527512366,43315
6698939.041511461,-10460926.582375387,43315
6637578.606212645,-10540279.711794605,43315
6193417.673420813,-8764130.69740501,43316
6551362.355349094,-10656659.707602505,43316
6823714.297805475,-10299140.703219997,43316
6756292.6936812205,-10380482.527512366,43316
6698939.041511461,-10460926.582375387,43316
6637578.606212645,-10540279.711794605,43316
6191411.757953073,-8752181.741465202,43317
6727615.867596341,-10420704.554943876,43317
6941206.558433316,-10217098.414390152,43317
6823714.297805475,-10299140.703219997,43317
6637578.606212645,-10540279.711794605,43317
6554640.8821734525,-10618353.656699978,43317
6189405.8399412315,-8740232.785803694,43318
6944740.487571845,-10175827.388331257,43318
6823714.297805475,-10299140.703219997,43318
6756292.6936812205,-10380482.527512366,43318
6698939.041511461,-10460926.582375387,43318
6637578.606212645,-10540279.711794605,43318
6187399.918991656,-8728283.829863884,43319
6948191.254984528,-10134457.546557838,43319
6823714.297805475,-10299140.703219997,43319
6756292.6936812205,-10380482.527512366,43319
6698939.041511461,-10460926.582375387,43319
6185393.995130112,-8716334.873924077,43320
6958316.938825503,-10051687.4252937,43320
6944740.487571845,-10175827.388331257,43320
6823714.297805475,-10299140.703219997,43320
6756292.6936812205,-10380482.527512366,43320
6183388.06880256,-8704385.918262567,43321
6948191.254984528,-10134457.546557838,43321
6974588.758730002,-9927380.564654252,43321
6823714.297805475,-10299140.703219997,43321
6181382.1391955605,-8692436.96232276,43322
6993067.91462908,-9803479.300290158,43322
6977593.907503762,-9885973.078710763,43322
6971583.609956242,-9968788.05059774,43322
6955092.789809894,-10051717.863011004,43322
6948274.416710375,-10134556.362272361,43322
6941206.558433316,-10217098.414390152,43322
6179376.2071741745,-8680488.006382952,43323
6997851.959202474,-9721512.454905609,43323
6993067.91462908,-9803479.300290158,43323
6977593.907503762,-9885973.078710763,43323
6971583.609956242,-9968788.05059774,43323
6955092.789809894,-10051717.863011004,43323
6948274.416710375,-10134556.362272361,43323
6177370.272344365,-8668539.050721442,43324
7001865.941015669,-9640276.856124137,43324
6997851.959202474,-9721512.454905609,43324
6993067.91462908,-9803479.300290158,43324
6977593.907503762,-9885973.078710763,43324
6971583.609956242,-9968788.05059774,43324
6955092.789809894,-10051717.863011004,43324
6175364.334312683,-8656590.094781633,43325
7005006.310476405,-9559974.569972225,43325
7001865.941015669,-9640276.856124137,43325
6997851.959202474,-9721512.454905609,43325
6993067.91462908,-9803479.300290158,43325
6977593.907503762,-9885973.078710763,43325
6971583.609956242,-9968788.05059774,43325
6173358.393943297,-8644641.139120126,43326
7017195.279664181,-9480804.619001497,43326
7005006.310476405,-9559974.569972225,43326
7001865.941015669,-9640276.856124137,43326
6997851.959202474,-9721512.454905609,43326
6993067.91462908,-9803479.300290158,43326
6977593.907503762,-9885973.078710763,43326
6171352.450423252,-8632692.183458619,43327
7028308.624425613,-9402962.184127934,43327
7017195.279664181,-9480804.619001497,43327
7005006.310476405,-9559974.569972225,43327
7001865.941015669,-9640276.856124137,43327
6997851.959202474,-9721512.454905609,43327
6993067.91462908,-9803479.300290158,43327
6169346.504196914,-8620743.22751881,43328
7048273.142562676,-9326637.825395461,43328
7028308.624425613,-9402962.184127934,43328
7017195.279664181,-9480804.619001497,43328
7005006.310476405,-9559974.569972225,43328
7001865.941015669,-9640276.856124137,43328
6997851.959202474,-9721512.454905609,43328
6167340.555289932,-8608794.271857303,43329
7048273.142562676,-9326637.825395461,43329
7046922.664054747,-9252016.725003408,43329
7028308.624425613,-9402962.184127934,43329
7017195.279664181,-9480804.619001497,43329
7005006.310476405,-9559974.569972225,43329
7001865.941015669,-9640276.856124137,43329
6165334.6037270725,-8596845.315917492,43330
7048273.142562676,-9326637.825395461,43330
7046922.664054747,-9252016.725003408,43330
7044215.0024061445,-9179277.94925827,43330
7028308.624425613,-9402962.184127934,43330
7017195.279664181,-9480804.619001497,43330
7005006.310476405,-9559974.569972225,43330
6163328.649533783,-8584896.359977685,43331
7046470.269674522,-9252644.16655238,43331
7031259.015550823,-9403468.209508298,43331
6919770.916777489,-9108593.735015787,43331
6161322.692316208,-8572947.404316176,43332
7046470.269674522,-9252644.16655238,43332
7038290.883494144,-9364800.004761698,43332
6919770.916777489,-9108593.735015787,43332
6773741.126274066,-9040128.807292463,43332
6159316.732099794,-8560998.448376369,43333
7046470.269674522,-9252644.16655238,43333
6740024.494266322,-9007084.271009086,43333
6919770.916777489,-9108593.735015787,43333
6156307.785460491,-8543075.014605807,43334
6719118.271289022,-8974880.94902989,43334
7044215.0024061445,-9179277.94925827,43334
6919770.916777489,-9108593.735015787,43334
6154301.818241064,-8531126.058832979,43335
6683411.237503069,-8911361.665386328,43335
6919770.916777489,-9108593.735015787,43335
6773741.126274066,-9040128.807292463,43335
6152295.848193198,-8519177.102837512,43336
6773741.126274066,-9040128.807292463,43336
6706307.862258577,-8974039.734725708,43336
6677305.825334423,-8910474.3050715,43336
6666620.0249162065,-8849570.956361784,43336
6634086.912243569,-8791458.240344524,43336
6151292.863414093,-8513202.624895439,43337
6671962.925125315,-8880022.63071664,43337
6626924.065937268,-8763856.283728253,43337
6773741.126274066,-9040128.807292463,43337
6706307.862258577,-8974039.734725708,43337
6149286.88941141,-8501253.66923393,43338
6626924.065937268,-8763856.283728253,43338
6706307.862258577,-8974039.734725708,43338
6677305.825334423,-8910474.3050715,43338
6666620.0249162065,-8849570.956361784,43338
6583492.129340218,-8684066.560935935,43338
6147280.912140169,-8489304.71329412,43339
6626924.065937268,-8763856.283728253,43339
6677305.825334423,-8910474.3050715,43339
6666620.0249162065,-8849570.956361784,43339
6583492.129340218,-8684066.560935935,43339
6535268.668636927,-8634991.06619668,43339
6146277.923368435,-8483330.2353706,43340
6626924.065937268,-8763856.283728253,43340
6666620.0249162065,-8849570.956361784,43340
6583492.129340218,-8684066.560935935,43340
6535268.668636927,-8634991.06619668,43340
6350321.682647109,-8556493.329659652,43340
6144271.94234743,-8471381.279523557,43341
6525219.69891046,-8612051.728122078,43341
6634086.912243569,-8791458.240344524,43341
6619761.219630966,-8736254.327111984,43341
6583492.129340218,-8684066.560935935,43341
6350321.682647109,-8556493.329659652,43341
6514511.776079793,-8590202.223818136,43342
6142265.958397466,-8459432.323676517,43342
6619761.219630966,-8736254.327111984,43342
6583492.129340218,-8684066.560935935,43342
6350321.682647109,-8556493.329659652,43342
6140259.972099683,-8447483.367829474,43343
6481063.47669545,-8526863.661245305,43343
6583492.129340218,-8684066.560935935,43343
6535268.668636927,-8634991.06619668,43343
6515170.729183991,-8589112.390047476,43343
6350321.682647109,-8556493.329659652,43343
6138253.98236459,-8435534.412353499,43344
6535268.668636927,-8634991.06619668,43344
6515170.729183991,-8589112.390047476,43344
6493095.93041846,-8546503.215210252,43344
6469031.022972441,-8507224.10728036,43344
6442970.90592092,-8471323.332162626,43344
6350321.682647109,-8556493.329659652,43344
6136247.989773128,-8423585.456506455,43345
6428944.80786773,-8455080.023985695,43345
6515170.729183991,-8589112.390047476,43345
6493095.93041846,-8546503.215210252,43345
6469031.022972441,-8507224.10728036,43345
6350321.682647109,-8556493.329659652,43345
6135244.991683813,-8417610.97849017,43346
6414258.48926454,-8439982.538088383,43346
6515170.729183991,-8589112.390047476,43346
6493095.93041846,-8546503.215210252,43346
6469031.022972441,-8507224.10728036,43346
6131834.793326414,-8397297.753642965,43347
6469031.022972441,-8507224.10728036,43347
6442970.90592092,-8471323.332162626,43347
6414918.709814541,-8438836.715808764,43347
6384885.852058161,-8409787.566293763,43347
6352892.03738649,-8384186.644872794,43347
6129828.792338262,-8385348.797870139,43348
6442970.90592092,-8471323.332162626,43348
6414918.709814541,-8438836.715808764,43348
6384885.852058161,-8409787.566293763,43348
6352892.03738649,-8384186.644872794,43348
6318965.226986908,-8362032.207169435,43348
6127822.788149028,-8373399.841874671,43349
6414918.709814541,-8438836.715808764,43349
6384885.852058161,-8409787.566293763,43349
6352892.03738649,-8384186.644872794,43349
6318965.226986908,-8362032.207169435,43349
6283141.5605973825,-8343310.0810993165,43349
6126217.984257012,-8363840.677345464,43350
6384885.852058161,-8409787.566293763,43350
6352892.03738649,-8384186.644872794,43350
6318965.226986908,-8362032.207169435,43350
6283141.5605973825,-8343310.0810993165,43350
6245465.233862568,-8327993.80935906,43350
6119175.834572611,-8351891.721349995,43351
6352892.03738649,-8384186.644872794,43351
6318965.226986908,-8362032.207169435,43351
6283141.5605973825,-8343310.0810993165,43351
6245465.233862568,-8327993.80935906,43351
6205988.347190734,-8316044.854254148,43351
6116913.794786572,-8345917.243407921,43352
6282524.007148952,-8344445.365875937,43352
6205408.094934729,-8317150.49984528,43352
6045507.650461919,-8316044.854254148,43352
6249222.210178404,-8322346.146628961,43353
6113812.397688231,-8339942.765577166,43353
6185379.525470809,-8311728.845088391,43353
6043553.739463693,-8311728.845088391,43353
6237903.459115186,-8311478.820677172,43354
6036227.607745656,-8308497.843993367,43354
6108612.607554452,-8333968.287468113,43354
6164770.703750884,-8307412.835922633,43354
6035016.108826734,-8306559.324061537,43355
6248541.82975667,-8309956.809484848,43355
6205988.347190734,-8316044.854254148,43355
6164770.703750884,-8307412.835922633,43355
6095019.249080974,-8327993.80935906,43355
6035016.108826734,-8306559.324061537,43356
5984094.764044367,-8301745.04412391,43356
6237866.55634451,-8299840.777292164,43356
6205988.347190734,-8316044.854254148,43356
6164770.703750884,-8307412.835922633,43356
6007806.84616302,-8302571.262393954,43357
6237866.55634451,-8299840.777292164,43357
6164770.703750884,-8307412.835922633,43357
5962746.03120976,-8305466.687915463,43358
6237866.55634451,-8299840.777292164,43358
5885161.401076314,-8321050.236083322,43358
5962746.03120976,-8305466.687915463,43359
5885161.401076314,-8321050.236083322,43359
6237866.55634451,-8299840.777292164,43359
5957872.616488987,-8306591.870040123,43360
5885161.401076314,-8321050.236083322,43360
5834021.308988662,-8333307.595158305,43360
6031381.612069969,-8300743.764266048,43360
5952033.976519242,-8308053.896483642,43361
5885161.401076314,-8321050.236083322,43361
5834021.308988662,-8333307.595158305,43361
5781860.357693757,-8348099.058951582,43361
5884784.461328001,-8321938.34446513,43362
5781860.357693757,-8348099.058951582,43362
5728792.873339076,-8365286.925253037,43362
5833681.022586244,-8334152.29673107,43363
5728792.873339076,-8365286.925253037,43363
5674937.027481874,-8384726.6857788935,43363
5781558.180007164,-8348897.859787643,43364
5674937.027481874,-8384726.6857788935,43364
5620414.30815277,-8406267.729710886,43364
5728530.086171568,-8366037.55666117,43365
5620414.30815277,-8406267.729710886,43365
5565348.9751886,-8429754.061706986,43365
5674714.736324574,-8385427.1135809375,43366
5565348.9751886,-8429754.061706986,43366
5509867.495460244,-8455025.054421142,43366
5620233.436941081,-8406916.159065587,43367
5509867.495460244,-8455025.054421142,43367
5454097.96579944,-8481916.207702227,43367
5565210.259600538,-8430348.948613005,43368
5454097.96579944,-8481916.207702227,43368
5398169.53674413,-8510259.922264487,43368
5509771.478816095,-8455565.107943453,43369
5398169.53674413,-8510259.922264487,43369
5342211.821598516,-8539886.282263568,43369
5454044.999334604,-8482400.394795952,43370
5342211.821598516,-8539886.282263568,43370
5286354.305864625,-8570623.844551694,43370
5426133.751271784,-8496088.064983357,43371
5342211.821598516,-8539886.282263568,43371
5286354.305864625,-8570623.844551694,43371
5230725.758758992,-8602300.432385651,43371
5370190.679171323,-8525073.102264028,43372
5286354.305864625,-8570623.844551694,43372
5230725.758758992,-8602300.432385651,43372
5175453.641883565,-8634743.915776415,43372
5314283.06373157,-8555255.063407632,43373
5230725.758758992,-8602300.432385651,43373
5175453.641883565,-8634743.915776415,43373
5120663.5306748245,-8667782.999631133,43373
5093571.038683459,-8684515.494631184,43374
5286354.305864625,-8570623.844551694,43374
5230725.758758992,-8602300.432385651,43374
5175453.641883565,-8634743.915776415,43374
5039748.668123794,-8718109.772757689,43375
5230725.758758992,-8602300.432385651,43375
5175453.641883565,-8634743.915776415,43375
5120663.5306748245,-8667782.999631133,43375
4986709.793276219,-8751880.51175801,43376
5175453.641883565,-8634743.915776415,43376
5120663.5306748245,-8667782.999631133,43376
5066478.546692094,-8701247.989631237,43376
4960718.868032924,-8768767.44641021,43377
5120663.5306748245,-8667782.999631133,43377
5066478.546692094,-8701247.989631237,43377
4909091.037564591,-8802467.329812514,43378
5066478.546692094,-8701247.989631237,43378
5013018.789555494,-8734971.55588414,43378
4858523.573421659,-8835946.98467127,43379
5013018.789555494,-8734971.55588414,43379
4960400.796996944,-8768789.467631882,43379
4809119.087534475,-8869055.914085161,43380
4960400.796996944,-8768789.467631882,43380
4908737.017546332,-8802541.315714614,43380
4760974.659546742,-8901649.43277242,43381
4908737.017546332,-8802541.315714614,43381
4858135.298150494,-8836071.206091044,43381
4714181.402600071,-8933589.266711816,43382
4858135.298150494,-8836071.206091044,43382
4808698.404568151,-8869228.432208149,43382
4668824.0634356225,-8964744.122356327,43383
4808698.404568151,-8869228.432208149,43383
4760523.559884777,-8901868.10395629,43383
4624980.650927894,-8994990.21206112,43384
4760523.559884777,-8901868.10395629,43384
4713702.014187298,-8933851.762152823,43384
4582722.100686921,-9024211.740920812,43385
4713702.014187298,-8933851.762152823,43385
4668318.63372814,-8965047.93402634,43385
4503206.184832924,-9079160.51099365,43386
4624451.54239143,-8995332.670889817,43386
4582171.776664111,-9024590.031267205,43386
4466052.78914049,-9104699.88015751,43387
4582171.776664111,-9024590.031267205,43387
4541542.983005222,-9052712.520605413,43387
4430691.780489376,-9128839.595225649,43388
4541542.983005222,-9052712.520605413,43388
4502621.157800416,-9079601.497590452,43388
4397154.9514731895,-9151509.530113777,43389
4502621.157800416,-9079601.497590452,43389
4465454.413693135,-9105167.514785085,43389
4365465.783625014,-9172649.494002158,43390
4465454.413693135,-9105167.514785085,43390
4430082.79592792,-9129330.628096994,43390
4335639.382450928,-9192209.380503723,43391
4430082.79592792,-9129330.628096994,43391
4396538.131847073,-9152020.642794872,43391
4307682.450977973,-9210149.265625233,43392
4396538.131847073,-9152020.642794872,43392
4364843.926644574,-9173177.319449468,43392
4281593.308714026,-9226439.451552931,43393
4364843.926644574,-9173177.319449468,43393
4335015.292383395,-9192750.519762134,43393
4257361.9486045595,-9241060.460344449,43394
4335015.292383395,-9192750.519762134,43394
4307058.928324816,-9210700.30229957,43394
4234970.138347693,-9254002.974558407,43395
4307058.928324816,-9210700.30229957,43395
4280973.132225709,-9226996.974813996,43395
4214391.558594863,-9265267.727419188,43396
4280973.132225709,-9226996.974813996,43396
4256747.865591551,-9241621.077545227,43396
4195591.983321761,-9274865.343630051,43397
4256747.865591551,-9241621.077545227,43397
4234364.847996418,-9254563.328674125,43397
4178529.496550508,-9282816.128979318,43398
4234364.847996418,-9254563.328674125,43398
4213797.701455107,-9265824.517455872,43398
4163154.749491611,-9289149.814676588,43399
4213797.701455107,-9265824.517455872,43399
4195012.126333063,-9275415.336127566,43399
4149411.2515199273,-9293905.253821602,43400
4195012.126333063,-9275415.336127566,43400
4177966.1221771133,-9283356.17730672,43400
4137235.696360664,-9297130.073716367,43401
4177966.1221771133,-9283356.17730672,43401
4162610.241141349,-9289676.873503674,43401
4126558.3209448545,-9298880.28810226,43402
4162610.241141349,-9289676.873503674,43402
4148887.8851563707,-9294416.393219374,43402
4117303.2945618466,-9299219.867095731,43403
4148887.8851563707,-9294416.393219374,43403
4136735.628262062,-9297622.494741762,43403
4109389.1378198285,-9298220.272243895,43404
4136735.628262062,-9297622.494741762,43404
4126083.5756635587,-9299351.333187968,43404
4102729.1664736415,-9295959.953731494,43405
4126083.5756635587,-9299351.333187968,43405
4116855.758908944,-9299667.036377052,43405
4097231.9615135025,-9292523.81938694,43406
4116855.758908944,-9299667.036377052,43406
4108970.549113038,-9298641.231722172,43406
4097231.9615135025,-9292523.81938694,43407
4090764.866366339,-9285560.967245188,43407
4108970.549113038,-9298641.231722172,43407
4097231.961513503,-9292523.819386942,43408
4090764.866366339,-9285560.967245188,43408
4108970.549113038,-9298641.231722172,43408
4097231.961513503,-9292523.819386942,43409
4089050.7985000545,-9282789.105801865,43409
4086488.6488711946,-9276355.931278218,43409
4092801.859201021,-9288002.671776744,43410
4086488.6488711946,-9276355.931278218,43410
4084687.019004208,-9269138.401848832,43410
4089339.4605346234,-9282492.621922864,43411
4084687.019004208,-9269138.401848832,43411
4083538.3260092237,-9261245.041772086,43411
4086742.1554584857,-9276094.479642972,43412
4083538.3260092237,-9261245.041772086,43412
4082933.417233123,-9252787.150501264,43412
4084904.664628209,-9268913.124966377,43413
4082933.417233123,-9252787.150501264,43413
4082762.139204418,-9243878.13142803,43413
4083719.5874155182,-9261056.864707394,43414
4082913.906806087,-9234632.831757834,43414
4082762.139204418,-9243878.13142803,43414
4083077.9608155885,-9252636.774567127,43415
4083278.257217274,-9225166.857895067,43415
4082913.906806087,-9234632.831757834,43415
4082847.7782187704,-9248332.640964648,43416
4083745.4200867023,-9215595.91865804,43416
4083278.257217274,-9225166.857895067,43416
4082913.906806087,-9234632.831757834,43416
4082838.0230052527,-9239255.48159293,43417
4084206.864944554,-9206035.157362057,43417
4083745.4200867023,-9215595.91865804,43417
4083278.257217274,-9225166.857895067,43417
4084621.882484277,-9191998.255482603,43418
4084206.864944554,-9206035.157362057,43418
4083745.4200867023,-9215595.91865804,43418
4083278.257217274,-9225166.857895067,43418
4084594.706900062,-9182970.651095409,43419
4084555.84322487,-9196598.498373996,43419
4084206.864944554,-9206035.157362057,43419
4083745.4200867023,-9215595.91865804,43419
4084362.5611162386,-9178694.048472794,43420
4084555.84322487,-9196598.498373996,43420
4084206.864944554,-9206035.157362057,43420
4083727.8430510983,-9170325.886277528,43421
4084687.9217436835,-9187398.01259121,43421
4084555.84322487,-9196598.498373996,43421
4082583.26026538,-9162511.45060656,43422
4084687.9217436835,-9187398.01259121,43422
4084501.49205644,-9178543.289599609,43422
4080838.7139208964,-9155349.21208399,43423
4084501.49205644,-9178543.289599609,43423
4083898.2695485917,-9170140.843227567,43423
4078408.7665677597,-9148932.921758577,43424
4083898.2695485917,-9170140.843227567,43424
4082783.767548261,-9162293.526005408,43424
4075213.0384128913,-9143351.124266492,43425
4082783.767548261,-9162293.526005408,43425
4081067.7436992875,-9155099.982586702,43425
4071176.569919694,-9138686.70290567,43426
4081067.7436992875,-9155099.982586702,43426
4078664.6305151395,-9148654.12765986,43426
4071176.569919694,-9138686.70290567,43427
4078664.6305151395,-9148654.12765986,43427
4060654.6815094794,-9132033.94957324,43427
4071176.569919694,-9138686.70290567,43428
4078664.6305151395,-9148654.12765986,43428
4060654.6815094794,-9132033.94957324,43428
4071176.569919694,-9138686.70290567,43429
4060654.6815094794,-9132033.94957324,43429
4053722.00917184,-9130537.52173352,43429
4066230.1552599035,-9135016.467753693,43430
4053722.00917184,-9130537.52173352,43430
4045706.835480009,-9130228.173774168,43430
4060310.638572289,-9132410.778294718,43431
4045706.835480009,-9130228.173774168,43431
4036565.5174944275,-9131155.170135824,43431
4026261.2916718936,-9133360.254514346,43431
4053361.175387109,-9130933.215026977,43432
4036565.5174944275,-9131155.170135824,43432
4026261.2916718936,-9133360.254514346,43432
4014764.3642476015,-9136877.507371841,43432
4045331.454048759,-9130640.288547838,43433
4026261.2916718936,-9133360.254514346,43433
4014764.3642476015,-9136877.507371841,43433
4002051.983104507,-9141733.24463593,43433
4036177.8815487768,-9131581.19947478,43434
4014764.3642476015,-9136877.507371841,43434
4002051.983104507,-9141733.24463593,43434
3988108.4449859043,-9147945.973171959,43434
4025863.7244713083,-9133797.644007338,43435
4002051.983104507,-9141733.24463593,43435
3988108.4449859043,-9147945.973171959,43435
3972925.076794439,-9155526.401914941,43435
4014359.213008001,-9137323.668840704,43436
3988108.4449859043,-9147945.973171959,43436
3972925.076794439,-9155526.401914941,43436
3956500.156254775,-9164477.493076526,43436
3987695.16829495,-9148401.873240944,43437
3956500.156254775,-9164477.493076526,43437
3938838.805838076,-9174794.57680408,43437
3972511.226011706,-9155983.289387807,43438
3938838.805838076,-9174794.57680408,43438
3919952.8272467316,-9186465.507027952,43438
3956088.0129624293,-9164932.823931849,43439
3919952.8272467316,-9186465.507027952,43439
3899860.506855049,-9199470.877421325,43439
3938430.5964465276,-9175245.858969519,43440
3899860.506855049,-9199470.877421325,43440
3878586.362728817,-9213784.280774582,43440
3919550.7133132853,-9186910.320417786,43441
3878586.362728817,-9213784.280774582,43441
3856160.8666774933,-9229372.621803118,43441
3899466.5656101997,-9199906.888407955,43442
3856160.8666774933,-9229372.621803118,43442
3832620.108501244,-9246196.480048848,43442
3855789.112635851,-9229784.460875517,43443
3820312.7696923674,-9255203.498122608,43443
3747193.3251199597,-9283363.924030082,43443
3832262.135354076,-9246593.206016112,43444
3739994.7149774064,-9290109.593886154,43444
3739994.7149774064,-9290109.593886154,43445
3687137.6079700445,-9317774.544532472,43445
3832620.108501244,-9246196.480048848,43445
3808005.430883491,-9264210.516196368,43445
3696752.5796506084,-9314231.14179893,43446
3739994.7149774064,-9290109.593886154,43446
3808005.430883491,-9264210.516196368,43446
3619399.7449550554,-9347081.137809988,43446
3696752.579650609,-9314231.141798928,43447
3739994.7149774064,-9290109.593886154,43447
3619399.7449550554,-9347081.137809988,43447
3563554.3674185737,-9370193.038906438,43447
3696752.579650609,-9314231.141798928,43448
3619399.7449550554,-9347081.137809988,43448
3563554.3674185737,-9370193.038906438,43448
3517311.979612312,-9394127.235930676,43448
3687137.6079700454,-9317774.544532472,43449
3495513.8743819916,-9402355.504035058,43449
3619399.7449550554,-9347081.137809988,43449
3563554.3674185737,-9370193.038906438,43449
3509132.0991582996,-9394314.887752904,43450
3605307.1504200115,-9354785.104842138,43450
3423524.139288972,-9431493.33009983,43450
3677956.448208586,-9324861.34999956,43450
3420738.800631426,-9438083.974948762,43451
3495513.8743819916,-9402355.504035058,43451
3563554.3674185737,-9370193.038906438,43451
3609350.1207223088,-9347081.137809988,43451
3417953.4619738795,-9444674.619797695,43452
3577121.9613499227,-9370193.038906438,43452
3549986.7734872247,-9370193.038906438,43452
3517311.979612312,-9394127.235930676,43452
3489880.1453887415,-9394127.235930676,43452
3479349.4981449214,-9418812.040243825,43452
3429094.8166040643,-9418812.040243825,43452
3417953.4619738795,-9445174.619639555,43453
3517311.979612312,-9394127.235930676,43453
3489880.1453887415,-9394127.235930676,43453
3479349.4981449214,-9418812.040243825,43453
3429094.8166040643,-9418812.040243825,43453
3417953.4619738795,-9445674.619759714,43454
3479349.4981449214,-9418812.040243825,43454
3429094.8166040643,-9418812.040243825,43454
3417953.4619738795,-9444174.619955836,43455
3417953.4619738795,-9445174.619639555,43455
3417953.4619738795,-9446174.619323274,43455
3417953.4619738795,-9447174.62012019,43455
3417953.4619738795,-9448174.61980391,43455
3417953.4619738795,-9445174.619639555,43456
3417953.4619738795,-9446174.619323274,43456
3417953.4619738795,-9447174.62012019,43456
3417953.4619738795,-9448174.61980391,43456
3417953.4619738795,-9449174.619487628,43456
3417953.4619738795,-9447674.61968375,43457
3386164.988275718,-9470141.753558448,43457
3386164.988275718,-9470141.753558448,43458
3417953.4619738795,-9447174.62012019,43458
3417953.4619738795,-9448174.61980391,43458
3417953.4619738795,-9449174.619487628,43458
3386164.988275718,-9470141.753558448,43459
3417953.4619738795,-9448174.61980391,43459
3417953.4619738795,-9449174.619487628,43459
3386164.988275718,-9470141.753558448,43460
3417953.4619738795,-9449174.619487628,43460
3386164.988275718,-9470141.753558446,43461
3386164.988275718,-9470141.753558446,43462
3386164.988275718,-9470141.753558448,43463
3386164.988275718,-9470141.753558448,43464
3386164.988275718,-9470141.753558448,43465
